filename,fec_type,fec_params
fec_00000.npy,none,default
fec_00001.npy,none,default
fec_00002.npy,none,default
fec_00003.npy,none,default
fec_00004.npy,none,default
fec_00005.npy,none,default
fec_00006.npy,none,default
fec_00007.npy,none,default
fec_00008.npy,none,default
fec_00009.npy,none,default
fec_00010.npy,none,default
fec_00011.npy,none,default
fec_00012.npy,none,default
fec_00013.npy,none,default
fec_00014.npy,none,default
fec_00015.npy,none,default
fec_00016.npy,none,default
fec_00017.npy,none,default
fec_00018.npy,none,default
fec_00019.npy,none,default
fec_00020.npy,none,default
fec_00021.npy,none,default
fec_00022.npy,none,default
fec_00023.npy,none,default
fec_00024.npy,none,default
fec_00025.npy,none,default
fec_00026.npy,none,default
fec_00027.npy,none,default
fec_00028.npy,none,default
fec_00029.npy,none,default
fec_00030.npy,none,default
fec_00031.npy,none,default
fec_00032.npy,none,default
fec_00033.npy,none,default
fec_00034.npy,none,default
fec_00035.npy,none,default
fec_00036.npy,none,default
fec_00037.npy,none,default
fec_00038.npy,none,default
fec_00039.npy,none,default
fec_00040.npy,none,default
fec_00041.npy,none,default
fec_00042.npy,none,default
fec_00043.npy,none,default
fec_00044.npy,none,default
fec_00045.npy,none,default
fec_00046.npy,none,default
fec_00047.npy,none,default
fec_00048.npy,none,default
fec_00049.npy,none,default
fec_00050.npy,none,default
fec_00051.npy,none,default
fec_00052.npy,none,default
fec_00053.npy,none,default
fec_00054.npy,none,default
fec_00055.npy,none,default
fec_00056.npy,none,default
fec_00057.npy,none,default
fec_00058.npy,none,default
fec_00059.npy,none,default
fec_00060.npy,none,default
fec_00061.npy,none,default
fec_00062.npy,none,default
fec_00063.npy,none,default
fec_00064.npy,none,default
fec_00065.npy,none,default
fec_00066.npy,none,default
fec_00067.npy,none,default
fec_00068.npy,none,default
fec_00069.npy,none,default
fec_00070.npy,none,default
fec_00071.npy,none,default
fec_00072.npy,none,default
fec_00073.npy,none,default
fec_00074.npy,none,default
fec_00075.npy,none,default
fec_00076.npy,none,default
fec_00077.npy,none,default
fec_00078.npy,none,default
fec_00079.npy,none,default
fec_00080.npy,none,default
fec_00081.npy,none,default
fec_00082.npy,none,default
fec_00083.npy,none,default
fec_00084.npy,none,default
fec_00085.npy,none,default
fec_00086.npy,none,default
fec_00087.npy,none,default
fec_00088.npy,none,default
fec_00089.npy,none,default
fec_00090.npy,none,default
fec_00091.npy,none,default
fec_00092.npy,none,default
fec_00093.npy,none,default
fec_00094.npy,none,default
fec_00095.npy,none,default
fec_00096.npy,none,default
fec_00097.npy,none,default
fec_00098.npy,none,default
fec_00099.npy,none,default
fec_00100.npy,none,default
fec_00101.npy,none,default
fec_00102.npy,none,default
fec_00103.npy,none,default
fec_00104.npy,none,default
fec_00105.npy,none,default
fec_00106.npy,none,default
fec_00107.npy,none,default
fec_00108.npy,none,default
fec_00109.npy,none,default
fec_00110.npy,none,default
fec_00111.npy,none,default
fec_00112.npy,none,default
fec_00113.npy,none,default
fec_00114.npy,none,default
fec_00115.npy,none,default
fec_00116.npy,none,default
fec_00117.npy,none,default
fec_00118.npy,none,default
fec_00119.npy,none,default
fec_00120.npy,none,default
fec_00121.npy,none,default
fec_00122.npy,none,default
fec_00123.npy,none,default
fec_00124.npy,none,default
fec_00125.npy,none,default
fec_00126.npy,none,default
fec_00127.npy,none,default
fec_00128.npy,none,default
fec_00129.npy,none,default
fec_00130.npy,none,default
fec_00131.npy,none,default
fec_00132.npy,none,default
fec_00133.npy,none,default
fec_00134.npy,none,default
fec_00135.npy,none,default
fec_00136.npy,none,default
fec_00137.npy,none,default
fec_00138.npy,none,default
fec_00139.npy,none,default
fec_00140.npy,none,default
fec_00141.npy,none,default
fec_00142.npy,none,default
fec_00143.npy,none,default
fec_00144.npy,none,default
fec_00145.npy,none,default
fec_00146.npy,none,default
fec_00147.npy,none,default
fec_00148.npy,none,default
fec_00149.npy,none,default
fec_00150.npy,none,default
fec_00151.npy,none,default
fec_00152.npy,none,default
fec_00153.npy,none,default
fec_00154.npy,none,default
fec_00155.npy,none,default
fec_00156.npy,none,default
fec_00157.npy,none,default
fec_00158.npy,none,default
fec_00159.npy,none,default
fec_00160.npy,none,default
fec_00161.npy,none,default
fec_00162.npy,none,default
fec_00163.npy,none,default
fec_00164.npy,none,default
fec_00165.npy,none,default
fec_00166.npy,none,default
fec_00167.npy,none,default
fec_00168.npy,none,default
fec_00169.npy,none,default
fec_00170.npy,none,default
fec_00171.npy,none,default
fec_00172.npy,none,default
fec_00173.npy,none,default
fec_00174.npy,none,default
fec_00175.npy,none,default
fec_00176.npy,none,default
fec_00177.npy,none,default
fec_00178.npy,none,default
fec_00179.npy,none,default
fec_00180.npy,none,default
fec_00181.npy,none,default
fec_00182.npy,none,default
fec_00183.npy,none,default
fec_00184.npy,none,default
fec_00185.npy,none,default
fec_00186.npy,none,default
fec_00187.npy,none,default
fec_00188.npy,none,default
fec_00189.npy,none,default
fec_00190.npy,none,default
fec_00191.npy,none,default
fec_00192.npy,none,default
fec_00193.npy,none,default
fec_00194.npy,none,default
fec_00195.npy,none,default
fec_00196.npy,none,default
fec_00197.npy,none,default
fec_00198.npy,none,default
fec_00199.npy,none,default
fec_00200.npy,none,default
fec_00201.npy,none,default
fec_00202.npy,none,default
fec_00203.npy,none,default
fec_00204.npy,none,default
fec_00205.npy,none,default
fec_00206.npy,none,default
fec_00207.npy,none,default
fec_00208.npy,none,default
fec_00209.npy,none,default
fec_00210.npy,none,default
fec_00211.npy,none,default
fec_00212.npy,none,default
fec_00213.npy,none,default
fec_00214.npy,none,default
fec_00215.npy,none,default
fec_00216.npy,none,default
fec_00217.npy,none,default
fec_00218.npy,none,default
fec_00219.npy,none,default
fec_00220.npy,none,default
fec_00221.npy,none,default
fec_00222.npy,none,default
fec_00223.npy,none,default
fec_00224.npy,none,default
fec_00225.npy,none,default
fec_00226.npy,none,default
fec_00227.npy,none,default
fec_00228.npy,none,default
fec_00229.npy,none,default
fec_00230.npy,none,default
fec_00231.npy,none,default
fec_00232.npy,none,default
fec_00233.npy,none,default
fec_00234.npy,none,default
fec_00235.npy,none,default
fec_00236.npy,none,default
fec_00237.npy,none,default
fec_00238.npy,none,default
fec_00239.npy,none,default
fec_00240.npy,none,default
fec_00241.npy,none,default
fec_00242.npy,none,default
fec_00243.npy,none,default
fec_00244.npy,none,default
fec_00245.npy,none,default
fec_00246.npy,none,default
fec_00247.npy,none,default
fec_00248.npy,none,default
fec_00249.npy,none,default
fec_00250.npy,convolutional,default
fec_00251.npy,convolutional,default
fec_00252.npy,convolutional,default
fec_00253.npy,convolutional,default
fec_00254.npy,convolutional,default
fec_00255.npy,convolutional,default
fec_00256.npy,convolutional,default
fec_00257.npy,convolutional,default
fec_00258.npy,convolutional,default
fec_00259.npy,convolutional,default
fec_00260.npy,convolutional,default
fec_00261.npy,convolutional,default
fec_00262.npy,convolutional,default
fec_00263.npy,convolutional,default
fec_00264.npy,convolutional,default
fec_00265.npy,convolutional,default
fec_00266.npy,convolutional,default
fec_00267.npy,convolutional,default
fec_00268.npy,convolutional,default
fec_00269.npy,convolutional,default
fec_00270.npy,convolutional,default
fec_00271.npy,convolutional,default
fec_00272.npy,convolutional,default
fec_00273.npy,convolutional,default
fec_00274.npy,convolutional,default
fec_00275.npy,convolutional,default
fec_00276.npy,convolutional,default
fec_00277.npy,convolutional,default
fec_00278.npy,convolutional,default
fec_00279.npy,convolutional,default
fec_00280.npy,convolutional,default
fec_00281.npy,convolutional,default
fec_00282.npy,convolutional,default
fec_00283.npy,convolutional,default
fec_00284.npy,convolutional,default
fec_00285.npy,convolutional,default
fec_00286.npy,convolutional,default
fec_00287.npy,convolutional,default
fec_00288.npy,convolutional,default
fec_00289.npy,convolutional,default
fec_00290.npy,convolutional,default
fec_00291.npy,convolutional,default
fec_00292.npy,convolutional,default
fec_00293.npy,convolutional,default
fec_00294.npy,convolutional,default
fec_00295.npy,convolutional,default
fec_00296.npy,convolutional,default
fec_00297.npy,convolutional,default
fec_00298.npy,convolutional,default
fec_00299.npy,convolutional,default
fec_00300.npy,convolutional,default
fec_00301.npy,convolutional,default
fec_00302.npy,convolutional,default
fec_00303.npy,convolutional,default
fec_00304.npy,convolutional,default
fec_00305.npy,convolutional,default
fec_00306.npy,convolutional,default
fec_00307.npy,convolutional,default
fec_00308.npy,convolutional,default
fec_00309.npy,convolutional,default
fec_00310.npy,convolutional,default
fec_00311.npy,convolutional,default
fec_00312.npy,convolutional,default
fec_00313.npy,convolutional,default
fec_00314.npy,convolutional,default
fec_00315.npy,convolutional,default
fec_00316.npy,convolutional,default
fec_00317.npy,convolutional,default
fec_00318.npy,convolutional,default
fec_00319.npy,convolutional,default
fec_00320.npy,convolutional,default
fec_00321.npy,convolutional,default
fec_00322.npy,convolutional,default
fec_00323.npy,convolutional,default
fec_00324.npy,convolutional,default
fec_00325.npy,convolutional,default
fec_00326.npy,convolutional,default
fec_00327.npy,convolutional,default
fec_00328.npy,convolutional,default
fec_00329.npy,convolutional,default
fec_00330.npy,convolutional,default
fec_00331.npy,convolutional,default
fec_00332.npy,convolutional,default
fec_00333.npy,convolutional,default
fec_00334.npy,convolutional,default
fec_00335.npy,convolutional,default
fec_00336.npy,convolutional,default
fec_00337.npy,convolutional,default
fec_00338.npy,convolutional,default
fec_00339.npy,convolutional,default
fec_00340.npy,convolutional,default
fec_00341.npy,convolutional,default
fec_00342.npy,convolutional,default
fec_00343.npy,convolutional,default
fec_00344.npy,convolutional,default
fec_00345.npy,convolutional,default
fec_00346.npy,convolutional,default
fec_00347.npy,convolutional,default
fec_00348.npy,convolutional,default
fec_00349.npy,convolutional,default
fec_00350.npy,convolutional,default
fec_00351.npy,convolutional,default
fec_00352.npy,convolutional,default
fec_00353.npy,convolutional,default
fec_00354.npy,convolutional,default
fec_00355.npy,convolutional,default
fec_00356.npy,convolutional,default
fec_00357.npy,convolutional,default
fec_00358.npy,convolutional,default
fec_00359.npy,convolutional,default
fec_00360.npy,convolutional,default
fec_00361.npy,convolutional,default
fec_00362.npy,convolutional,default
fec_00363.npy,convolutional,default
fec_00364.npy,convolutional,default
fec_00365.npy,convolutional,default
fec_00366.npy,convolutional,default
fec_00367.npy,convolutional,default
fec_00368.npy,convolutional,default
fec_00369.npy,convolutional,default
fec_00370.npy,convolutional,default
fec_00371.npy,convolutional,default
fec_00372.npy,convolutional,default
fec_00373.npy,convolutional,default
fec_00374.npy,convolutional,default
fec_00375.npy,convolutional,default
fec_00376.npy,convolutional,default
fec_00377.npy,convolutional,default
fec_00378.npy,convolutional,default
fec_00379.npy,convolutional,default
fec_00380.npy,convolutional,default
fec_00381.npy,convolutional,default
fec_00382.npy,convolutional,default
fec_00383.npy,convolutional,default
fec_00384.npy,convolutional,default
fec_00385.npy,convolutional,default
fec_00386.npy,convolutional,default
fec_00387.npy,convolutional,default
fec_00388.npy,convolutional,default
fec_00389.npy,convolutional,default
fec_00390.npy,convolutional,default
fec_00391.npy,convolutional,default
fec_00392.npy,convolutional,default
fec_00393.npy,convolutional,default
fec_00394.npy,convolutional,default
fec_00395.npy,convolutional,default
fec_00396.npy,convolutional,default
fec_00397.npy,convolutional,default
fec_00398.npy,convolutional,default
fec_00399.npy,convolutional,default
fec_00400.npy,convolutional,default
fec_00401.npy,convolutional,default
fec_00402.npy,convolutional,default
fec_00403.npy,convolutional,default
fec_00404.npy,convolutional,default
fec_00405.npy,convolutional,default
fec_00406.npy,convolutional,default
fec_00407.npy,convolutional,default
fec_00408.npy,convolutional,default
fec_00409.npy,convolutional,default
fec_00410.npy,convolutional,default
fec_00411.npy,convolutional,default
fec_00412.npy,convolutional,default
fec_00413.npy,convolutional,default
fec_00414.npy,convolutional,default
fec_00415.npy,convolutional,default
fec_00416.npy,convolutional,default
fec_00417.npy,convolutional,default
fec_00418.npy,convolutional,default
fec_00419.npy,convolutional,default
fec_00420.npy,convolutional,default
fec_00421.npy,convolutional,default
fec_00422.npy,convolutional,default
fec_00423.npy,convolutional,default
fec_00424.npy,convolutional,default
fec_00425.npy,convolutional,default
fec_00426.npy,convolutional,default
fec_00427.npy,convolutional,default
fec_00428.npy,convolutional,default
fec_00429.npy,convolutional,default
fec_00430.npy,convolutional,default
fec_00431.npy,convolutional,default
fec_00432.npy,convolutional,default
fec_00433.npy,convolutional,default
fec_00434.npy,convolutional,default
fec_00435.npy,convolutional,default
fec_00436.npy,convolutional,default
fec_00437.npy,convolutional,default
fec_00438.npy,convolutional,default
fec_00439.npy,convolutional,default
fec_00440.npy,convolutional,default
fec_00441.npy,convolutional,default
fec_00442.npy,convolutional,default
fec_00443.npy,convolutional,default
fec_00444.npy,convolutional,default
fec_00445.npy,convolutional,default
fec_00446.npy,convolutional,default
fec_00447.npy,convolutional,default
fec_00448.npy,convolutional,default
fec_00449.npy,convolutional,default
fec_00450.npy,convolutional,default
fec_00451.npy,convolutional,default
fec_00452.npy,convolutional,default
fec_00453.npy,convolutional,default
fec_00454.npy,convolutional,default
fec_00455.npy,convolutional,default
fec_00456.npy,convolutional,default
fec_00457.npy,convolutional,default
fec_00458.npy,convolutional,default
fec_00459.npy,convolutional,default
fec_00460.npy,convolutional,default
fec_00461.npy,convolutional,default
fec_00462.npy,convolutional,default
fec_00463.npy,convolutional,default
fec_00464.npy,convolutional,default
fec_00465.npy,convolutional,default
fec_00466.npy,convolutional,default
fec_00467.npy,convolutional,default
fec_00468.npy,convolutional,default
fec_00469.npy,convolutional,default
fec_00470.npy,convolutional,default
fec_00471.npy,convolutional,default
fec_00472.npy,convolutional,default
fec_00473.npy,convolutional,default
fec_00474.npy,convolutional,default
fec_00475.npy,convolutional,default
fec_00476.npy,convolutional,default
fec_00477.npy,convolutional,default
fec_00478.npy,convolutional,default
fec_00479.npy,convolutional,default
fec_00480.npy,convolutional,default
fec_00481.npy,convolutional,default
fec_00482.npy,convolutional,default
fec_00483.npy,convolutional,default
fec_00484.npy,convolutional,default
fec_00485.npy,convolutional,default
fec_00486.npy,convolutional,default
fec_00487.npy,convolutional,default
fec_00488.npy,convolutional,default
fec_00489.npy,convolutional,default
fec_00490.npy,convolutional,default
fec_00491.npy,convolutional,default
fec_00492.npy,convolutional,default
fec_00493.npy,convolutional,default
fec_00494.npy,convolutional,default
fec_00495.npy,convolutional,default
fec_00496.npy,convolutional,default
fec_00497.npy,convolutional,default
fec_00498.npy,convolutional,default
fec_00499.npy,convolutional,default
fec_00500.npy,reed_solomon,default
fec_00501.npy,reed_solomon,default
fec_00502.npy,reed_solomon,default
fec_00503.npy,reed_solomon,default
fec_00504.npy,reed_solomon,default
fec_00505.npy,reed_solomon,default
fec_00506.npy,reed_solomon,default
fec_00507.npy,reed_solomon,default
fec_00508.npy,reed_solomon,default
fec_00509.npy,reed_solomon,default
fec_00510.npy,reed_solomon,default
fec_00511.npy,reed_solomon,default
fec_00512.npy,reed_solomon,default
fec_00513.npy,reed_solomon,default
fec_00514.npy,reed_solomon,default
fec_00515.npy,reed_solomon,default
fec_00516.npy,reed_solomon,default
fec_00517.npy,reed_solomon,default
fec_00518.npy,reed_solomon,default
fec_00519.npy,reed_solomon,default
fec_00520.npy,reed_solomon,default
fec_00521.npy,reed_solomon,default
fec_00522.npy,reed_solomon,default
fec_00523.npy,reed_solomon,default
fec_00524.npy,reed_solomon,default
fec_00525.npy,reed_solomon,default
fec_00526.npy,reed_solomon,default
fec_00527.npy,reed_solomon,default
fec_00528.npy,reed_solomon,default
fec_00529.npy,reed_solomon,default
fec_00530.npy,reed_solomon,default
fec_00531.npy,reed_solomon,default
fec_00532.npy,reed_solomon,default
fec_00533.npy,reed_solomon,default
fec_00534.npy,reed_solomon,default
fec_00535.npy,reed_solomon,default
fec_00536.npy,reed_solomon,default
fec_00537.npy,reed_solomon,default
fec_00538.npy,reed_solomon,default
fec_00539.npy,reed_solomon,default
fec_00540.npy,reed_solomon,default
fec_00541.npy,reed_solomon,default
fec_00542.npy,reed_solomon,default
fec_00543.npy,reed_solomon,default
fec_00544.npy,reed_solomon,default
fec_00545.npy,reed_solomon,default
fec_00546.npy,reed_solomon,default
fec_00547.npy,reed_solomon,default
fec_00548.npy,reed_solomon,default
fec_00549.npy,reed_solomon,default
fec_00550.npy,reed_solomon,default
fec_00551.npy,reed_solomon,default
fec_00552.npy,reed_solomon,default
fec_00553.npy,reed_solomon,default
fec_00554.npy,reed_solomon,default
fec_00555.npy,reed_solomon,default
fec_00556.npy,reed_solomon,default
fec_00557.npy,reed_solomon,default
fec_00558.npy,reed_solomon,default
fec_00559.npy,reed_solomon,default
fec_00560.npy,reed_solomon,default
fec_00561.npy,reed_solomon,default
fec_00562.npy,reed_solomon,default
fec_00563.npy,reed_solomon,default
fec_00564.npy,reed_solomon,default
fec_00565.npy,reed_solomon,default
fec_00566.npy,reed_solomon,default
fec_00567.npy,reed_solomon,default
fec_00568.npy,reed_solomon,default
fec_00569.npy,reed_solomon,default
fec_00570.npy,reed_solomon,default
fec_00571.npy,reed_solomon,default
fec_00572.npy,reed_solomon,default
fec_00573.npy,reed_solomon,default
fec_00574.npy,reed_solomon,default
fec_00575.npy,reed_solomon,default
fec_00576.npy,reed_solomon,default
fec_00577.npy,reed_solomon,default
fec_00578.npy,reed_solomon,default
fec_00579.npy,reed_solomon,default
fec_00580.npy,reed_solomon,default
fec_00581.npy,reed_solomon,default
fec_00582.npy,reed_solomon,default
fec_00583.npy,reed_solomon,default
fec_00584.npy,reed_solomon,default
fec_00585.npy,reed_solomon,default
fec_00586.npy,reed_solomon,default
fec_00587.npy,reed_solomon,default
fec_00588.npy,reed_solomon,default
fec_00589.npy,reed_solomon,default
fec_00590.npy,reed_solomon,default
fec_00591.npy,reed_solomon,default
fec_00592.npy,reed_solomon,default
fec_00593.npy,reed_solomon,default
fec_00594.npy,reed_solomon,default
fec_00595.npy,reed_solomon,default
fec_00596.npy,reed_solomon,default
fec_00597.npy,reed_solomon,default
fec_00598.npy,reed_solomon,default
fec_00599.npy,reed_solomon,default
fec_00600.npy,reed_solomon,default
fec_00601.npy,reed_solomon,default
fec_00602.npy,reed_solomon,default
fec_00603.npy,reed_solomon,default
fec_00604.npy,reed_solomon,default
fec_00605.npy,reed_solomon,default
fec_00606.npy,reed_solomon,default
fec_00607.npy,reed_solomon,default
fec_00608.npy,reed_solomon,default
fec_00609.npy,reed_solomon,default
fec_00610.npy,reed_solomon,default
fec_00611.npy,reed_solomon,default
fec_00612.npy,reed_solomon,default
fec_00613.npy,reed_solomon,default
fec_00614.npy,reed_solomon,default
fec_00615.npy,reed_solomon,default
fec_00616.npy,reed_solomon,default
fec_00617.npy,reed_solomon,default
fec_00618.npy,reed_solomon,default
fec_00619.npy,reed_solomon,default
fec_00620.npy,reed_solomon,default
fec_00621.npy,reed_solomon,default
fec_00622.npy,reed_solomon,default
fec_00623.npy,reed_solomon,default
fec_00624.npy,reed_solomon,default
fec_00625.npy,reed_solomon,default
fec_00626.npy,reed_solomon,default
fec_00627.npy,reed_solomon,default
fec_00628.npy,reed_solomon,default
fec_00629.npy,reed_solomon,default
fec_00630.npy,reed_solomon,default
fec_00631.npy,reed_solomon,default
fec_00632.npy,reed_solomon,default
fec_00633.npy,reed_solomon,default
fec_00634.npy,reed_solomon,default
fec_00635.npy,reed_solomon,default
fec_00636.npy,reed_solomon,default
fec_00637.npy,reed_solomon,default
fec_00638.npy,reed_solomon,default
fec_00639.npy,reed_solomon,default
fec_00640.npy,reed_solomon,default
fec_00641.npy,reed_solomon,default
fec_00642.npy,reed_solomon,default
fec_00643.npy,reed_solomon,default
fec_00644.npy,reed_solomon,default
fec_00645.npy,reed_solomon,default
fec_00646.npy,reed_solomon,default
fec_00647.npy,reed_solomon,default
fec_00648.npy,reed_solomon,default
fec_00649.npy,reed_solomon,default
fec_00650.npy,reed_solomon,default
fec_00651.npy,reed_solomon,default
fec_00652.npy,reed_solomon,default
fec_00653.npy,reed_solomon,default
fec_00654.npy,reed_solomon,default
fec_00655.npy,reed_solomon,default
fec_00656.npy,reed_solomon,default
fec_00657.npy,reed_solomon,default
fec_00658.npy,reed_solomon,default
fec_00659.npy,reed_solomon,default
fec_00660.npy,reed_solomon,default
fec_00661.npy,reed_solomon,default
fec_00662.npy,reed_solomon,default
fec_00663.npy,reed_solomon,default
fec_00664.npy,reed_solomon,default
fec_00665.npy,reed_solomon,default
fec_00666.npy,reed_solomon,default
fec_00667.npy,reed_solomon,default
fec_00668.npy,reed_solomon,default
fec_00669.npy,reed_solomon,default
fec_00670.npy,reed_solomon,default
fec_00671.npy,reed_solomon,default
fec_00672.npy,reed_solomon,default
fec_00673.npy,reed_solomon,default
fec_00674.npy,reed_solomon,default
fec_00675.npy,reed_solomon,default
fec_00676.npy,reed_solomon,default
fec_00677.npy,reed_solomon,default
fec_00678.npy,reed_solomon,default
fec_00679.npy,reed_solomon,default
fec_00680.npy,reed_solomon,default
fec_00681.npy,reed_solomon,default
fec_00682.npy,reed_solomon,default
fec_00683.npy,reed_solomon,default
fec_00684.npy,reed_solomon,default
fec_00685.npy,reed_solomon,default
fec_00686.npy,reed_solomon,default
fec_00687.npy,reed_solomon,default
fec_00688.npy,reed_solomon,default
fec_00689.npy,reed_solomon,default
fec_00690.npy,reed_solomon,default
fec_00691.npy,reed_solomon,default
fec_00692.npy,reed_solomon,default
fec_00693.npy,reed_solomon,default
fec_00694.npy,reed_solomon,default
fec_00695.npy,reed_solomon,default
fec_00696.npy,reed_solomon,default
fec_00697.npy,reed_solomon,default
fec_00698.npy,reed_solomon,default
fec_00699.npy,reed_solomon,default
fec_00700.npy,reed_solomon,default
fec_00701.npy,reed_solomon,default
fec_00702.npy,reed_solomon,default
fec_00703.npy,reed_solomon,default
fec_00704.npy,reed_solomon,default
fec_00705.npy,reed_solomon,default
fec_00706.npy,reed_solomon,default
fec_00707.npy,reed_solomon,default
fec_00708.npy,reed_solomon,default
fec_00709.npy,reed_solomon,default
fec_00710.npy,reed_solomon,default
fec_00711.npy,reed_solomon,default
fec_00712.npy,reed_solomon,default
fec_00713.npy,reed_solomon,default
fec_00714.npy,reed_solomon,default
fec_00715.npy,reed_solomon,default
fec_00716.npy,reed_solomon,default
fec_00717.npy,reed_solomon,default
fec_00718.npy,reed_solomon,default
fec_00719.npy,reed_solomon,default
fec_00720.npy,reed_solomon,default
fec_00721.npy,reed_solomon,default
fec_00722.npy,reed_solomon,default
fec_00723.npy,reed_solomon,default
fec_00724.npy,reed_solomon,default
fec_00725.npy,reed_solomon,default
fec_00726.npy,reed_solomon,default
fec_00727.npy,reed_solomon,default
fec_00728.npy,reed_solomon,default
fec_00729.npy,reed_solomon,default
fec_00730.npy,reed_solomon,default
fec_00731.npy,reed_solomon,default
fec_00732.npy,reed_solomon,default
fec_00733.npy,reed_solomon,default
fec_00734.npy,reed_solomon,default
fec_00735.npy,reed_solomon,default
fec_00736.npy,reed_solomon,default
fec_00737.npy,reed_solomon,default
fec_00738.npy,reed_solomon,default
fec_00739.npy,reed_solomon,default
fec_00740.npy,reed_solomon,default
fec_00741.npy,reed_solomon,default
fec_00742.npy,reed_solomon,default
fec_00743.npy,reed_solomon,default
fec_00744.npy,reed_solomon,default
fec_00745.npy,reed_solomon,default
fec_00746.npy,reed_solomon,default
fec_00747.npy,reed_solomon,default
fec_00748.npy,reed_solomon,default
fec_00749.npy,reed_solomon,default
fec_00750.npy,concatenated,default
fec_00751.npy,concatenated,default
fec_00752.npy,concatenated,default
fec_00753.npy,concatenated,default
fec_00754.npy,concatenated,default
fec_00755.npy,concatenated,default
fec_00756.npy,concatenated,default
fec_00757.npy,concatenated,default
fec_00758.npy,concatenated,default
fec_00759.npy,concatenated,default
fec_00760.npy,concatenated,default
fec_00761.npy,concatenated,default
fec_00762.npy,concatenated,default
fec_00763.npy,concatenated,default
fec_00764.npy,concatenated,default
fec_00765.npy,concatenated,default
fec_00766.npy,concatenated,default
fec_00767.npy,concatenated,default
fec_00768.npy,concatenated,default
fec_00769.npy,concatenated,default
fec_00770.npy,concatenated,default
fec_00771.npy,concatenated,default
fec_00772.npy,concatenated,default
fec_00773.npy,concatenated,default
fec_00774.npy,concatenated,default
fec_00775.npy,concatenated,default
fec_00776.npy,concatenated,default
fec_00777.npy,concatenated,default
fec_00778.npy,concatenated,default
fec_00779.npy,concatenated,default
fec_00780.npy,concatenated,default
fec_00781.npy,concatenated,default
fec_00782.npy,concatenated,default
fec_00783.npy,concatenated,default
fec_00784.npy,concatenated,default
fec_00785.npy,concatenated,default
fec_00786.npy,concatenated,default
fec_00787.npy,concatenated,default
fec_00788.npy,concatenated,default
fec_00789.npy,concatenated,default
fec_00790.npy,concatenated,default
fec_00791.npy,concatenated,default
fec_00792.npy,concatenated,default
fec_00793.npy,concatenated,default
fec_00794.npy,concatenated,default
fec_00795.npy,concatenated,default
fec_00796.npy,concatenated,default
fec_00797.npy,concatenated,default
fec_00798.npy,concatenated,default
fec_00799.npy,concatenated,default
fec_00800.npy,concatenated,default
fec_00801.npy,concatenated,default
fec_00802.npy,concatenated,default
fec_00803.npy,concatenated,default
fec_00804.npy,concatenated,default
fec_00805.npy,concatenated,default
fec_00806.npy,concatenated,default
fec_00807.npy,concatenated,default
fec_00808.npy,concatenated,default
fec_00809.npy,concatenated,default
fec_00810.npy,concatenated,default
fec_00811.npy,concatenated,default
fec_00812.npy,concatenated,default
fec_00813.npy,concatenated,default
fec_00814.npy,concatenated,default
fec_00815.npy,concatenated,default
fec_00816.npy,concatenated,default
fec_00817.npy,concatenated,default
fec_00818.npy,concatenated,default
fec_00819.npy,concatenated,default
fec_00820.npy,concatenated,default
fec_00821.npy,concatenated,default
fec_00822.npy,concatenated,default
fec_00823.npy,concatenated,default
fec_00824.npy,concatenated,default
fec_00825.npy,concatenated,default
fec_00826.npy,concatenated,default
fec_00827.npy,concatenated,default
fec_00828.npy,concatenated,default
fec_00829.npy,concatenated,default
fec_00830.npy,concatenated,default
fec_00831.npy,concatenated,default
fec_00832.npy,concatenated,default
fec_00833.npy,concatenated,default
fec_00834.npy,concatenated,default
fec_00835.npy,concatenated,default
fec_00836.npy,concatenated,default
fec_00837.npy,concatenated,default
fec_00838.npy,concatenated,default
fec_00839.npy,concatenated,default
fec_00840.npy,concatenated,default
fec_00841.npy,concatenated,default
fec_00842.npy,concatenated,default
fec_00843.npy,concatenated,default
fec_00844.npy,concatenated,default
fec_00845.npy,concatenated,default
fec_00846.npy,concatenated,default
fec_00847.npy,concatenated,default
fec_00848.npy,concatenated,default
fec_00849.npy,concatenated,default
fec_00850.npy,concatenated,default
fec_00851.npy,concatenated,default
fec_00852.npy,concatenated,default
fec_00853.npy,concatenated,default
fec_00854.npy,concatenated,default
fec_00855.npy,concatenated,default
fec_00856.npy,concatenated,default
fec_00857.npy,concatenated,default
fec_00858.npy,concatenated,default
fec_00859.npy,concatenated,default
fec_00860.npy,concatenated,default
fec_00861.npy,concatenated,default
fec_00862.npy,concatenated,default
fec_00863.npy,concatenated,default
fec_00864.npy,concatenated,default
fec_00865.npy,concatenated,default
fec_00866.npy,concatenated,default
fec_00867.npy,concatenated,default
fec_00868.npy,concatenated,default
fec_00869.npy,concatenated,default
fec_00870.npy,concatenated,default
fec_00871.npy,concatenated,default
fec_00872.npy,concatenated,default
fec_00873.npy,concatenated,default
fec_00874.npy,concatenated,default
fec_00875.npy,concatenated,default
fec_00876.npy,concatenated,default
fec_00877.npy,concatenated,default
fec_00878.npy,concatenated,default
fec_00879.npy,concatenated,default
fec_00880.npy,concatenated,default
fec_00881.npy,concatenated,default
fec_00882.npy,concatenated,default
fec_00883.npy,concatenated,default
fec_00884.npy,concatenated,default
fec_00885.npy,concatenated,default
fec_00886.npy,concatenated,default
fec_00887.npy,concatenated,default
fec_00888.npy,concatenated,default
fec_00889.npy,concatenated,default
fec_00890.npy,concatenated,default
fec_00891.npy,concatenated,default
fec_00892.npy,concatenated,default
fec_00893.npy,concatenated,default
fec_00894.npy,concatenated,default
fec_00895.npy,concatenated,default
fec_00896.npy,concatenated,default
fec_00897.npy,concatenated,default
fec_00898.npy,concatenated,default
fec_00899.npy,concatenated,default
fec_00900.npy,concatenated,default
fec_00901.npy,concatenated,default
fec_00902.npy,concatenated,default
fec_00903.npy,concatenated,default
fec_00904.npy,concatenated,default
fec_00905.npy,concatenated,default
fec_00906.npy,concatenated,default
fec_00907.npy,concatenated,default
fec_00908.npy,concatenated,default
fec_00909.npy,concatenated,default
fec_00910.npy,concatenated,default
fec_00911.npy,concatenated,default
fec_00912.npy,concatenated,default
fec_00913.npy,concatenated,default
fec_00914.npy,concatenated,default
fec_00915.npy,concatenated,default
fec_00916.npy,concatenated,default
fec_00917.npy,concatenated,default
fec_00918.npy,concatenated,default
fec_00919.npy,concatenated,default
fec_00920.npy,concatenated,default
fec_00921.npy,concatenated,default
fec_00922.npy,concatenated,default
fec_00923.npy,concatenated,default
fec_00924.npy,concatenated,default
fec_00925.npy,concatenated,default
fec_00926.npy,concatenated,default
fec_00927.npy,concatenated,default
fec_00928.npy,concatenated,default
fec_00929.npy,concatenated,default
fec_00930.npy,concatenated,default
fec_00931.npy,concatenated,default
fec_00932.npy,concatenated,default
fec_00933.npy,concatenated,default
fec_00934.npy,concatenated,default
fec_00935.npy,concatenated,default
fec_00936.npy,concatenated,default
fec_00937.npy,concatenated,default
fec_00938.npy,concatenated,default
fec_00939.npy,concatenated,default
fec_00940.npy,concatenated,default
fec_00941.npy,concatenated,default
fec_00942.npy,concatenated,default
fec_00943.npy,concatenated,default
fec_00944.npy,concatenated,default
fec_00945.npy,concatenated,default
fec_00946.npy,concatenated,default
fec_00947.npy,concatenated,default
fec_00948.npy,concatenated,default
fec_00949.npy,concatenated,default
fec_00950.npy,concatenated,default
fec_00951.npy,concatenated,default
fec_00952.npy,concatenated,default
fec_00953.npy,concatenated,default
fec_00954.npy,concatenated,default
fec_00955.npy,concatenated,default
fec_00956.npy,concatenated,default
fec_00957.npy,concatenated,default
fec_00958.npy,concatenated,default
fec_00959.npy,concatenated,default
fec_00960.npy,concatenated,default
fec_00961.npy,concatenated,default
fec_00962.npy,concatenated,default
fec_00963.npy,concatenated,default
fec_00964.npy,concatenated,default
fec_00965.npy,concatenated,default
fec_00966.npy,concatenated,default
fec_00967.npy,concatenated,default
fec_00968.npy,concatenated,default
fec_00969.npy,concatenated,default
fec_00970.npy,concatenated,default
fec_00971.npy,concatenated,default
fec_00972.npy,concatenated,default
fec_00973.npy,concatenated,default
fec_00974.npy,concatenated,default
fec_00975.npy,concatenated,default
fec_00976.npy,concatenated,default
fec_00977.npy,concatenated,default
fec_00978.npy,concatenated,default
fec_00979.npy,concatenated,default
fec_00980.npy,concatenated,default
fec_00981.npy,concatenated,default
fec_00982.npy,concatenated,default
fec_00983.npy,concatenated,default
fec_00984.npy,concatenated,default
fec_00985.npy,concatenated,default
fec_00986.npy,concatenated,default
fec_00987.npy,concatenated,default
fec_00988.npy,concatenated,default
fec_00989.npy,concatenated,default
fec_00990.npy,concatenated,default
fec_00991.npy,concatenated,default
fec_00992.npy,concatenated,default
fec_00993.npy,concatenated,default
fec_00994.npy,concatenated,default
fec_00995.npy,concatenated,default
fec_00996.npy,concatenated,default
fec_00997.npy,concatenated,default
fec_00998.npy,concatenated,default
fec_00999.npy,concatenated,default
fec_01000.npy,ldpc,default
fec_01001.npy,ldpc,default
fec_01002.npy,ldpc,default
fec_01003.npy,ldpc,default
fec_01004.npy,ldpc,default
fec_01005.npy,ldpc,default
fec_01006.npy,ldpc,default
fec_01007.npy,ldpc,default
fec_01008.npy,ldpc,default
fec_01009.npy,ldpc,default
fec_01010.npy,ldpc,default
fec_01011.npy,ldpc,default
fec_01012.npy,ldpc,default
fec_01013.npy,ldpc,default
fec_01014.npy,ldpc,default
fec_01015.npy,ldpc,default
fec_01016.npy,ldpc,default
fec_01017.npy,ldpc,default
fec_01018.npy,ldpc,default
fec_01019.npy,ldpc,default
fec_01020.npy,ldpc,default
fec_01021.npy,ldpc,default
fec_01022.npy,ldpc,default
fec_01023.npy,ldpc,default
fec_01024.npy,ldpc,default
fec_01025.npy,ldpc,default
fec_01026.npy,ldpc,default
fec_01027.npy,ldpc,default
fec_01028.npy,ldpc,default
fec_01029.npy,ldpc,default
fec_01030.npy,ldpc,default
fec_01031.npy,ldpc,default
fec_01032.npy,ldpc,default
fec_01033.npy,ldpc,default
fec_01034.npy,ldpc,default
fec_01035.npy,ldpc,default
fec_01036.npy,ldpc,default
fec_01037.npy,ldpc,default
fec_01038.npy,ldpc,default
fec_01039.npy,ldpc,default
fec_01040.npy,ldpc,default
fec_01041.npy,ldpc,default
fec_01042.npy,ldpc,default
fec_01043.npy,ldpc,default
fec_01044.npy,ldpc,default
fec_01045.npy,ldpc,default
fec_01046.npy,ldpc,default
fec_01047.npy,ldpc,default
fec_01048.npy,ldpc,default
fec_01049.npy,ldpc,default
fec_01050.npy,ldpc,default
fec_01051.npy,ldpc,default
fec_01052.npy,ldpc,default
fec_01053.npy,ldpc,default
fec_01054.npy,ldpc,default
fec_01055.npy,ldpc,default
fec_01056.npy,ldpc,default
fec_01057.npy,ldpc,default
fec_01058.npy,ldpc,default
fec_01059.npy,ldpc,default
fec_01060.npy,ldpc,default
fec_01061.npy,ldpc,default
fec_01062.npy,ldpc,default
fec_01063.npy,ldpc,default
fec_01064.npy,ldpc,default
fec_01065.npy,ldpc,default
fec_01066.npy,ldpc,default
fec_01067.npy,ldpc,default
fec_01068.npy,ldpc,default
fec_01069.npy,ldpc,default
fec_01070.npy,ldpc,default
fec_01071.npy,ldpc,default
fec_01072.npy,ldpc,default
fec_01073.npy,ldpc,default
fec_01074.npy,ldpc,default
fec_01075.npy,ldpc,default
fec_01076.npy,ldpc,default
fec_01077.npy,ldpc,default
fec_01078.npy,ldpc,default
fec_01079.npy,ldpc,default
fec_01080.npy,ldpc,default
fec_01081.npy,ldpc,default
fec_01082.npy,ldpc,default
fec_01083.npy,ldpc,default
fec_01084.npy,ldpc,default
fec_01085.npy,ldpc,default
fec_01086.npy,ldpc,default
fec_01087.npy,ldpc,default
fec_01088.npy,ldpc,default
fec_01089.npy,ldpc,default
fec_01090.npy,ldpc,default
fec_01091.npy,ldpc,default
fec_01092.npy,ldpc,default
fec_01093.npy,ldpc,default
fec_01094.npy,ldpc,default
fec_01095.npy,ldpc,default
fec_01096.npy,ldpc,default
fec_01097.npy,ldpc,default
fec_01098.npy,ldpc,default
fec_01099.npy,ldpc,default
fec_01100.npy,ldpc,default
fec_01101.npy,ldpc,default
fec_01102.npy,ldpc,default
fec_01103.npy,ldpc,default
fec_01104.npy,ldpc,default
fec_01105.npy,ldpc,default
fec_01106.npy,ldpc,default
fec_01107.npy,ldpc,default
fec_01108.npy,ldpc,default
fec_01109.npy,ldpc,default
fec_01110.npy,ldpc,default
fec_01111.npy,ldpc,default
fec_01112.npy,ldpc,default
fec_01113.npy,ldpc,default
fec_01114.npy,ldpc,default
fec_01115.npy,ldpc,default
fec_01116.npy,ldpc,default
fec_01117.npy,ldpc,default
fec_01118.npy,ldpc,default
fec_01119.npy,ldpc,default
fec_01120.npy,ldpc,default
fec_01121.npy,ldpc,default
fec_01122.npy,ldpc,default
fec_01123.npy,ldpc,default
fec_01124.npy,ldpc,default
fec_01125.npy,ldpc,default
fec_01126.npy,ldpc,default
fec_01127.npy,ldpc,default
fec_01128.npy,ldpc,default
fec_01129.npy,ldpc,default
fec_01130.npy,ldpc,default
fec_01131.npy,ldpc,default
fec_01132.npy,ldpc,default
fec_01133.npy,ldpc,default
fec_01134.npy,ldpc,default
fec_01135.npy,ldpc,default
fec_01136.npy,ldpc,default
fec_01137.npy,ldpc,default
fec_01138.npy,ldpc,default
fec_01139.npy,ldpc,default
fec_01140.npy,ldpc,default
fec_01141.npy,ldpc,default
fec_01142.npy,ldpc,default
fec_01143.npy,ldpc,default
fec_01144.npy,ldpc,default
fec_01145.npy,ldpc,default
fec_01146.npy,ldpc,default
fec_01147.npy,ldpc,default
fec_01148.npy,ldpc,default
fec_01149.npy,ldpc,default
fec_01150.npy,ldpc,default
fec_01151.npy,ldpc,default
fec_01152.npy,ldpc,default
fec_01153.npy,ldpc,default
fec_01154.npy,ldpc,default
fec_01155.npy,ldpc,default
fec_01156.npy,ldpc,default
fec_01157.npy,ldpc,default
fec_01158.npy,ldpc,default
fec_01159.npy,ldpc,default
fec_01160.npy,ldpc,default
fec_01161.npy,ldpc,default
fec_01162.npy,ldpc,default
fec_01163.npy,ldpc,default
fec_01164.npy,ldpc,default
fec_01165.npy,ldpc,default
fec_01166.npy,ldpc,default
fec_01167.npy,ldpc,default
fec_01168.npy,ldpc,default
fec_01169.npy,ldpc,default
fec_01170.npy,ldpc,default
fec_01171.npy,ldpc,default
fec_01172.npy,ldpc,default
fec_01173.npy,ldpc,default
fec_01174.npy,ldpc,default
fec_01175.npy,ldpc,default
fec_01176.npy,ldpc,default
fec_01177.npy,ldpc,default
fec_01178.npy,ldpc,default
fec_01179.npy,ldpc,default
fec_01180.npy,ldpc,default
fec_01181.npy,ldpc,default
fec_01182.npy,ldpc,default
fec_01183.npy,ldpc,default
fec_01184.npy,ldpc,default
fec_01185.npy,ldpc,default
fec_01186.npy,ldpc,default
fec_01187.npy,ldpc,default
fec_01188.npy,ldpc,default
fec_01189.npy,ldpc,default
fec_01190.npy,ldpc,default
fec_01191.npy,ldpc,default
fec_01192.npy,ldpc,default
fec_01193.npy,ldpc,default
fec_01194.npy,ldpc,default
fec_01195.npy,ldpc,default
fec_01196.npy,ldpc,default
fec_01197.npy,ldpc,default
fec_01198.npy,ldpc,default
fec_01199.npy,ldpc,default
fec_01200.npy,ldpc,default
fec_01201.npy,ldpc,default
fec_01202.npy,ldpc,default
fec_01203.npy,ldpc,default
fec_01204.npy,ldpc,default
fec_01205.npy,ldpc,default
fec_01206.npy,ldpc,default
fec_01207.npy,ldpc,default
fec_01208.npy,ldpc,default
fec_01209.npy,ldpc,default
fec_01210.npy,ldpc,default
fec_01211.npy,ldpc,default
fec_01212.npy,ldpc,default
fec_01213.npy,ldpc,default
fec_01214.npy,ldpc,default
fec_01215.npy,ldpc,default
fec_01216.npy,ldpc,default
fec_01217.npy,ldpc,default
fec_01218.npy,ldpc,default
fec_01219.npy,ldpc,default
fec_01220.npy,ldpc,default
fec_01221.npy,ldpc,default
fec_01222.npy,ldpc,default
fec_01223.npy,ldpc,default
fec_01224.npy,ldpc,default
fec_01225.npy,ldpc,default
fec_01226.npy,ldpc,default
fec_01227.npy,ldpc,default
fec_01228.npy,ldpc,default
fec_01229.npy,ldpc,default
fec_01230.npy,ldpc,default
fec_01231.npy,ldpc,default
fec_01232.npy,ldpc,default
fec_01233.npy,ldpc,default
fec_01234.npy,ldpc,default
fec_01235.npy,ldpc,default
fec_01236.npy,ldpc,default
fec_01237.npy,ldpc,default
fec_01238.npy,ldpc,default
fec_01239.npy,ldpc,default
fec_01240.npy,ldpc,default
fec_01241.npy,ldpc,default
fec_01242.npy,ldpc,default
fec_01243.npy,ldpc,default
fec_01244.npy,ldpc,default
fec_01245.npy,ldpc,default
fec_01246.npy,ldpc,default
fec_01247.npy,ldpc,default
fec_01248.npy,ldpc,default
fec_01249.npy,ldpc,default
